old_path,new_path,md5,status
microdatos_tabulados/Act_estadis_geografica_cngf2017_dbf.zip,microdatos_tabulados/cngf_2017_actividades_estadisticas_geograficas_microdatos.dbf.zip,39e50e87f27a51719a2ed2839aaad16a,renamed
microdatos_tabulados/Act_estadis_geografica_cngf2018_dbf.zip,microdatos_tabulados/cngf_2018_actividades_estadisticas_geograficas_microdatos.dbf.zip,4c8b52c0c78e5584497ea6f19adbfb7d,renamed
microdatos_tabulados/Act_estadis_geograficas_cngmd2015_dbf.zip,microdatos_tabulados/cngmd_2015_actividades_estadisticas_geograficas_microdatos.dbf.zip,f5355e0217c84340329e603cb7c25d13,renamed
microdatos_tabulados/Activ_estadist_geogra_cngmd2017_dbf.zip,microdatos_tabulados/cngmd_2017_actividades_estadisticas_geograficas_microdatos.dbf.zip,6e6784947d4bd173abbb81a9e6245008,renamed
microdatos_tabulados/Activ_estadist_geogra_cngmd2019_dbf.zip,microdatos_tabulados/cngmd_2019_actividades_estadisticas_geograficas_microdatos.dbf.zip,1d237e1cb6b8f61b55e6d108cca00d2b,renamed
microdatos_tabulados/Actividad_ayuntami_cngmd2017_dbf.zip,microdatos_tabulados/cngmd_2017_actividades_ayuntamiento_microdatos.dbf.zip,a836ed5330f7740ed6b52a1999701df6,renamed
microdatos_tabulados/Actividad_ayuntami_cngmd2019_dbf.zip,microdatos_tabulados/cngmd_2019_actividades_ayuntamiento_microdatos.dbf.zip,02dc6de6c4eb5285af7e57f53fefbf47,renamed
microdatos_tabulados/Admin_agua_red_cngmd2015_dbf.zip,microdatos_tabulados/cngmd_2015_administracion_servicio_agua_red_publica_microdatos.dbf.zip,0e0126ae491be4ba52204f882e724a0c,renamed
microdatos_tabulados/Admin_agua_red_cngmd2017_dbf.zip,microdatos_tabulados/cngmd_2017_administracion_servicio_agua_red_publica_microdatos.dbf.zip,51fc8b9fd168a1f11263e99fe5ee233f,renamed
microdatos_tabulados/Admin_pub_territorio_cngmd2017_dbf.zip,microdatos_tabulados/cngmd_2017_administracion_publica_territorio_microdatos.dbf.zip,c762ecd6fec57a4980c87cd0b0cc177e,renamed
microdatos_tabulados/Admin_pub_territorio_cngmd2019_dbf.zip,microdatos_tabulados/cngmd_2019_administracion_publica_territorio_microdatos.dbf.zip,10732525971dc55628897fba820814b1,renamed
microdatos_tabulados/Admon_arch_gest_docum_cngmd2019_dbf.zip,microdatos_tabulados/cngmd_2019_administracion_archivos_gestion_documental_microdatos.dbf.zip,04c9195cf80e99e73889b39c618dd88c,renamed
microdatos_tabulados/Admon_archivo_gestion_cngmd2017_dbf.zip,microdatos_tabulados/cngmd_2017_administracion_archivos_gestion_documental_microdatos.dbf.zip,b905320a0a597f4c29ac5d10a8cf7e4b,renamed
microdatos_tabulados/Aguas_sintrat_cngmd2015_dbf.zip,microdatos_tabulados/cngmd_2015_aguas_residuales_sin_tratamiento_microdatos.dbf.zip,0d334c7e1cb2687b9cd8272d36c7570c,renamed
microdatos_tabulados/Aguas_sintrat_cngmd2017_dbf.zip,microdatos_tabulados/cngmd_2017_aguas_residuales_sin_tratamiento_microdatos.dbf.zip,49d909e63d867f5daa85ae40345f416b,renamed
microdatos_tabulados/Asen_hum_zona_riesg_cngmd2017_dbf.zip,microdatos_tabulados/cngmd_2017_asentamientos_humanos_zonas_riesgo_microdatos.dbf.zip,d2e948df4bf2963c73fbf61ee9d159ec,renamed
microdatos_tabulados/Asen_hum_zona_riesg_cngmd2019_dbf.zip,microdatos_tabulados/cngmd_2019_asentamientos_humanos_zonas_riesgo_microdatos.dbf.zip,c5f3755b28bd0620684bdc95d47f1c06,renamed
microdatos_tabulados/Asent_human_irregu_cngmd2017_dbf.zip,microdatos_tabulados/cngmd_2017_asentamientos_humanos_irregulares_microdatos.dbf.zip,a44530be59f918bf9d489d8ecfa04a69,renamed
microdatos_tabulados/Asent_human_irregu_cngmd2019_dbf.zip,microdatos_tabulados/cngmd_2019_asentamientos_humanos_irregulares_microdatos.dbf.zip,1f91c6a6564aed17cb65e0e971ebc008,renamed
microdatos_tabulados/CNGE2021_Adm_Archivos.xlsx,microdatos_tabulados/cnge_2021_administracion_archivos_gestion_documental_tabulados.xlsx,2123ee32982cd0ddf9bf443cc3f7f828,renamed
microdatos_tabulados/CNGE2021_Catastro.xlsx,microdatos_tabulados/cnge_2021_catastro_tabulados.xlsx,ff2dcb56b1bb0a53906e57a593a25ff1,renamed
microdatos_tabulados/CNGE2021_Contratos.xlsx,microdatos_tabulados/cnge_2021_contrataciones_publicas_tabulados.xlsx,a9a65b2fdd538c9296b4e33dba5a4646,renamed
microdatos_tabulados/CNGE2021_Ctrl_Int_Anticor.xlsx,microdatos_tabulados/cnge_2021_control_interno_anticorrupcion_tabulados.xlsx,2c1324f17fac6101c7db1797d131a93b,renamed
microdatos_tabulados/CNGE2021_Defensoria.xlsx,microdatos_tabulados/cnge_2021_defensoria_publica_tabulados.xlsx,1000acce89b8071d179e66e154aabd2e,renamed
microdatos_tabulados/CNGE2021_EstOrg_Rec.xlsx,microdatos_tabulados/cnge_2021_estructura_organizacional_recursos_tabulados.xlsx,1d6afafbee4f8e5ef09ec68c46bf12ff,renamed
microdatos_tabulados/CNGE2021_Gest_Terr.xlsx,microdatos_tabulados/cnge_2021_planeacion_gestion_territorial_tabulados.xlsx,714f852ae64e5616137658a6dfb33cfe,renamed
microdatos_tabulados/CNGE2021_Just_Civica.xlsx,microdatos_tabulados/cnge_2021_justicia_civica_tabulados.xlsx,8c51915f43cae3e52ef3a4228d44bbbb,renamed
microdatos_tabulados/CNGE2021_Medio_Amb.xlsx,microdatos_tabulados/cnge_2021_medio_ambiente_tabulados.xlsx,d663b02f84d2cadf310fe399227d0b30,renamed
microdatos_tabulados/CNGE2021_Prot_Civil.xlsx,microdatos_tabulados/cnge_2021_proteccion_civil_tabulados.xlsx,9bd44a5791901f5e8a10ff3cf69cd6d7,renamed
microdatos_tabulados/CNGE2021_RegPub_Prop.xlsx,microdatos_tabulados/cnge_2021_regpub_prop_tabulados.xlsx,3a6a06c6e4f2221c42d45f7cbce84e3a,renamed
microdatos_tabulados/CNGE2021_Tramites.xlsx,microdatos_tabulados/cnge_2021_tramites_servicios_tabulados.xlsx,bf12c7fc7f3ce8c9bbf2b13117a70813,renamed
microdatos_tabulados/CNGE2021_Transparencia.xlsx,microdatos_tabulados/cnge_2021_transparencia_tabulados.xlsx,73f67b7d4a5b417f6c92294088fe986b,renamed
microdatos_tabulados/CNGF2017_M1.xlsx,microdatos_tabulados/cngf_2017_estructura_organizacional_recursos_tabulados.xlsx,0d45639f87b49a789424ce39c6b628e6,renamed
microdatos_tabulados/CNGF2017_M2.xlsx,microdatos_tabulados/cngf_2017_recursos_presupuestales_planeacion_evaluacion_tabulados.xlsx,88487037a9700ae24743d329a15e5640,renamed
microdatos_tabulados/CNGF2018_M1.xlsx,microdatos_tabulados/cngf_2018_estructura_organizacional_recursos_tabulados.xlsx,102921a58951486fa254eaea473d3cd4,renamed
microdatos_tabulados/CNGF2018_M2.xlsx,microdatos_tabulados/cngf_2018_recursos_presupuestales_planeacion_evaluacion_tabulados.xlsx,ff0be583a745855285dde922a82f22c3,renamed
microdatos_tabulados/CNGF2019_M1.xlsx,microdatos_tabulados/cngf_2019_estructura_organizacional_recursos_tabulados.xlsx,117e3f1ca07b3ae4489e5e4080b413c0,renamed
microdatos_tabulados/CNGF2019_M2.xlsx,microdatos_tabulados/cngf_2019_recursos_presupuestales_planeacion_evaluacion_tabulados.xlsx,d519a1721520210538421e58365098aa,renamed
microdatos_tabulados/CNGF2020_Ctrl_Int.xlsx,microdatos_tabulados/cngf_2020_control_interno_anticorrupcion_tabulados.xlsx,3bd953458686bbe8c42e7d40fda31436,renamed
microdatos_tabulados/CNGF2020_EstOrg_Rec.xlsx,microdatos_tabulados/cngf_2020_estructura_organizacional_recursos_tabulados.xlsx,af82e6163c33e89a661324c7480adcd3,renamed
microdatos_tabulados/CNGF2020_Tramites.xlsx,microdatos_tabulados/cngf_2020_tramites_servicios_tabulados.xlsx,aabc7448213fe4e4e1363bf038d722b3,renamed
microdatos_tabulados/CNGMD2017_M1.xlsx,microdatos_tabulados/cngmd_2017_ayuntamiento_tabulados.xlsx,3acec73f1f0084a0f77a3fc870a443a2,renamed
microdatos_tabulados/CNGMD2017_M2.xlsx,microdatos_tabulados/cngmd_2017_administracion_publica_tabulados.xlsx,e55b72081191a5f24c72f93b18a0c46d,renamed
microdatos_tabulados/CNGMD2017_M2_10.xlsx,microdatos_tabulados/cngmd_2017_administracion_publica_submodulo10_tabulados.xlsx,885521d73c12e316aadc0cc881bd3474,renamed
microdatos_tabulados/CNGMD2017_M2_4.xlsx,microdatos_tabulados/cngmd_2017_administracion_publica_submodulo4_tabulados.xlsx,7d05bf0f58052909338a2ac9b6beecaf,renamed
microdatos_tabulados/CNGMD2017_M3.xlsx,microdatos_tabulados/cngmd_2017_catastro_tabulados.xlsx,f4f29ccb1461ad0d72956ab60bdd295a,renamed
microdatos_tabulados/CNGMD2017_M4.xlsx,microdatos_tabulados/cngmd_2017_servicios_publicos_tabulados.xlsx,ecc22aa7348bbc6ead794f76a16fe41e,renamed
microdatos_tabulados/CNGMD2017_M5.xlsx,microdatos_tabulados/cngmd_2017_agua_potable_saneamiento_tabulados.xlsx,a71b22a52ec3ecc0477998a90d82c851,renamed
microdatos_tabulados/CNGMD2017_M6.xlsx,microdatos_tabulados/cngmd_2017_residuos_solidos_urbanos_tabulados.xlsx,287ca72e3e830cb66c9df302a5a3ceab,renamed
microdatos_tabulados/CNGMD2019_M1.xlsx,microdatos_tabulados/cngmd_2019_ayuntamiento_tabulados.xlsx,ec671db20b5d4a28e74a8956a9c6d9dd,renamed
microdatos_tabulados/CNGMD2019_M2.xlsx,microdatos_tabulados/cngmd_2019_administracion_publica_tabulados.xlsx,8c15d05df3b342fcef2f741344d698f3,renamed
microdatos_tabulados/CNGMD2019_M2S10.xlsx,microdatos_tabulados/cngmd_2019_administracion_publica_seccion10_tabulados.xlsx,a6d90f462255c62169f73caa8495bd7c,renamed
microdatos_tabulados/CNGMD2019_M2S4.xlsx,microdatos_tabulados/cngmd_2019_administracion_publica_seccion4_tabulados.xlsx,7bfc3d2822c61d6ab5d46b90b6bcf349,renamed
microdatos_tabulados/CNGMD2019_M3.xlsx,microdatos_tabulados/cngmd_2019_catastro_tabulados.xlsx,b6ba60f95353b9ace6f3e65de35a0788,renamed
microdatos_tabulados/CNGMD2019_M4.xlsx,microdatos_tabulados/cngmd_2019_servicios_publicos_tabulados.xlsx,e06e54efb5454593189dddb96718b4ae,renamed
microdatos_tabulados/CNGMD2019_M5.xlsx,microdatos_tabulados/cngmd_2019_agua_potable_saneamiento_tabulados.xlsx,1e0fb53761fa6a116c29b4cb1834c409,renamed
microdatos_tabulados/CNGMD2019_M6.xlsx,microdatos_tabulados/cngmd_2019_residuos_solidos_urbanos_tabulados.xlsx,3e48ab60f7bf928770a0c566fb548b10,renamed
microdatos_tabulados/Capac_admon_gestion_cngmd2017_dbf.zip,microdatos_tabulados/cngmd_2017_capacitacion_administracion_archivos_microdatos.dbf.zip,db29a1b6aef3ba9f0042319f6b6715b1,renamed
microdatos_tabulados/Capac_trans_accprot_cngmd2017_dbf.zip,microdatos_tabulados/cngmd_2017_capacitacion_transparencia_acceso_proteccion_microdatos.dbf.zip,50af90b9ba84ebf9566574c8ccba4874,renamed
microdatos_tabulados/Capacitacion_catastro_cngmd2015_dbf.zip,microdatos_tabulados/cngmd_2015_capacitacion_catastro_microdatos.dbf.zip,20c53edb8e208be7ccd42c2bc8d9b0df,renamed
microdatos_tabulados/Capacitacion_catastro_cngmd2017_dbf.zip,microdatos_tabulados/cngmd_2017_capacitacion_catastro_microdatos.dbf.zip,351fb22179617d1025ae4f1d81b3b59e,renamed
microdatos_tabulados/Capta_agua_public_cngmd2015_dbf.zip,microdatos_tabulados/cngmd_2015_captacion_agua_abastecimiento_publico_microdatos.dbf.zip,590ba98b996e1dc30ba81aafb457d1cb,renamed
microdatos_tabulados/Capta_agua_public_cngmd2017_dbf.zip,microdatos_tabulados/cngmd_2017_captacion_agua_abastecimiento_publico_microdatos.dbf.zip,8acbbfa430d3ecef2bd0c287cdea287d,renamed
microdatos_tabulados/Cartografia_catastral_cngmd2015_dbf.zip,microdatos_tabulados/cngmd_2015_cartografia_catastral_microdatos.dbf.zip,83d559c3470bb29011da110cdff465af,renamed
microdatos_tabulados/Cartografia_catastral_cngmd2017_dbf.zip,microdatos_tabulados/cngmd_2017_cartografia_catastral_microdatos.dbf.zip,0ee224d5660f8ce83f9211c6ff4b91cd,renamed
microdatos_tabulados/Censo Nacional de Gobierno Federal_microdatos.txt,microdatos_tabulados/cngf_2020_2025_listado_microdatos.txt,3980f54f167cc779da70e1a323249bb6,renamed
microdatos_tabulados/Censo Nacional de Gobierno Federal_tabulados.txt,microdatos_tabulados/cngf_2020_2025_listado_tabulados.txt,e5fa807381c5aaff5537ef68f54e7237,renamed
microdatos_tabulados/Censo Nacional de Gobiernos Estatales _tabulados.txt,microdatos_tabulados/cnge_2020_2025_listado_tabulados.txt,557e98a2c0a825777f4ada026fba8ae8,renamed
microdatos_tabulados/Censo Nacional de Gobiernos Municipales y Demarcaciones Territoriales de la Ciudad de Mexico _microdatos.txt,microdatos_tabulados/cngmd_2020_2025_listado_microdatos.txt,b035aeeb8f9ed1906353b0d27aab5ef6,renamed
microdatos_tabulados/Censo Nacional de Gobiernos Municipales y Demarcaciones Territoriales de la Ciudad de México _tabulados.txt,microdatos_tabulados/cngmd_2020_2025_listado_tabulados.txt,5d2ceade960ee35b966fe1deffb94fd7,renamed
microdatos_tabulados/Com_ini_aytto_cngmd2013_dbf.zip,microdatos_tabulados/cngmd_2013_comisiones_iniciativas_ayuntamiento_microdatos.dbf.zip,341bb59a4fa472673094ff7f31996074,renamed
microdatos_tabulados/Com_ini_aytto_cngmd2015_dbf.zip,microdatos_tabulados/cngmd_2015_comisiones_iniciativas_ayuntamiento_microdatos.dbf.zip,26ef7aa793797adc5e9c26ae19ec81a1,renamed
microdatos_tabulados/Coordininst_intercinf_cngmd2017_dbf.zip,microdatos_tabulados/cngmd_2017_coordinacion_interinstitucional_intercambio_informacion_microdatos.dbf.zip,fbb6a605a503b484a59e6c8b2375fead,renamed
microdatos_tabulados/Coordininst_intercinf_cngmd2019_dbf.zip,microdatos_tabulados/cngmd_2019_coordinacion_interinstitucional_intercambio_informacion_microdatos.dbf.zip,97342c5e13c0b98d4f5bb1be23e3cf7b,renamed
microdatos_tabulados/Ctrl_inter_anticor_cngmd2015_dbf.zip,microdatos_tabulados/cngmd_2015_control_interno_anticorrupcion_microdatos.dbf.zip,e82775fc83e52b4fefb6801961456a56,renamed
microdatos_tabulados/Ctrl_inter_anticor_cngmd2017_dbf.zip,microdatos_tabulados/cngmd_2017_control_interno_anticorrupcion_microdatos.dbf.zip,a0c8a39c9b9be7850c29283ff2c9cb2b,renamed
microdatos_tabulados/Ctrl_inter_anticor_cngmd2019_dbf.zip,microdatos_tabulados/cngmd_2019_control_interno_anticorrupcion_microdatos.dbf.zip,e256251c28c2fe1b8e8a45bc66d07856,renamed
microdatos_tabulados/Ctrl_interno_anticorru_cngf2017_dbf.zip,microdatos_tabulados/cngf_2017_control_interno_anticorrupcion_microdatos.dbf.zip,6b2a31c530469a40a3b510288c39a54c,renamed
microdatos_tabulados/Ctrl_interno_anticorru_cngf2018_dbf.zip,microdatos_tabulados/cngf_2018_control_interno_anticorrupcion_microdatos.dbf.zip,c13205f3bbfc6ad1cbd30d820c0ca728,renamed
microdatos_tabulados/Ctrl_interno_anticorru_cngf2019_dbf.zip,microdatos_tabulados/cngf_2019_control_interno_anticorrupcion_microdatos.dbf.zip,b98e73a4fdde2152b0218a7481fdcf3d,renamed
microdatos_tabulados/Desarr_urbano_ecc_cngmd2017_dbf.zip,microdatos_tabulados/cngmd_2017_desarrollo_urbano_estrategia_ciudad_compacta_microdatos.dbf.zip,730ea61b0f6631b05c01027ce2e3e99d,renamed
microdatos_tabulados/Desarr_urbano_ecc_cngmd2019_dbf.zip,microdatos_tabulados/cngmd_2019_desarrollo_urbano_estrategia_ciudad_compacta_microdatos.dbf.zip,5a91fa6cb349307a6dbd0d1c4ab95505,renamed
microdatos_tabulados/Difus_gest_agua_cngmd2015_dbf.zip,microdatos_tabulados/cngmd_2015_difusion_informacion_gestion_agua_participacion_microdatos.dbf.zip,ab54d3f29840503493333b6e27e4304b,renamed
microdatos_tabulados/Difus_gest_agua_cngmd2017_dbf.zip,microdatos_tabulados/cngmd_2017_difusion_informacion_gestion_agua_participacion_microdatos.dbf.zip,bed8a0351e1a2ed6f71d4ba717a0a4d1,renamed
microdatos_tabulados/Disp_final_RSU_cngmd2015_dbf.zip,microdatos_tabulados/cngmd_2015_disposicion_final_residuos_solidos_urbanos_microdatos.dbf.zip,51b907e794ccb76fe2149eed8934f222,renamed
microdatos_tabulados/Disp_final_RSU_cngmd2017_dbf.zip,microdatos_tabulados/cngmd_2017_disposicion_final_residuos_solidos_urbanos_microdatos.dbf.zip,d0e6fef52539e7386736dce8dc496ef3,renamed
microdatos_tabulados/Documento_electronico_cngmd2017_dbf.zip,microdatos_tabulados/cngmd_2017_documentos_electronicos_microdatos.dbf.zip,728b09ba27e1731c3b451cd18b9a0739,renamed
microdatos_tabulados/Drenaje_alcant_cngmd2015_dbf.zip,microdatos_tabulados/cngmd_2015_drenaje_alcantarillado_microdatos.dbf.zip,6171922ca673418715833a12980f75c7,renamed
microdatos_tabulados/Drenaje_alcant_cngmd2017_dbf.zip,microdatos_tabulados/cngmd_2017_drenaje_alcantarillado_microdatos.dbf.zip,699bbf48176b3a2d97c78997f44e1e82,renamed
microdatos_tabulados/Ejercicio_func_espec_cngmd2017_dbf.zip,microdatos_tabulados/cngmd_2017_ejercicio_funciones_especificas_microdatos.dbf.zip,5a3fb8b0b2179aa0020296e35b2c0313,renamed
microdatos_tabulados/Ejercicio_funcion_cngmd2017_dbf.zip,microdatos_tabulados/cngmd_2017_ejercicio_funcion_seguridad_publica_microdatos.dbf.zip,536ce2c845701fd930c7581cb4675aa5,renamed
microdatos_tabulados/Ejercicio_funcion_cngmd2019_dbf.zip,microdatos_tabulados/cngmd_2019_ejercicio_funcion_seguridad_publica_microdatos.dbf.zip,01e3c5327685472a92ee96184ecd6431,renamed
microdatos_tabulados/Est_gen_comp_RSU_cngmd2015_dbf.zip,microdatos_tabulados/cngmd_2015_estudios_generacion_composicion_residuos_solidos_microdatos.dbf.zip,c74cec3e73d1d3a6d758797ddee68eea,renamed
microdatos_tabulados/Est_gen_comp_RSU_cngmd2017_dbf.zip,microdatos_tabulados/cngmd_2017_estudios_generacion_composicion_residuos_solidos_microdatos.dbf.zip,183e18759bb1e0c210704ef450157865,renamed
microdatos_tabulados/Estruc_organ_catastro_cngmd2017_dbf.zip,microdatos_tabulados/cngmd_2017_estructura_organizacional_catastro_microdatos.dbf.zip,146f6aba122dd4656e24e8d9dc014427,renamed
microdatos_tabulados/Estruc_organ_catastro_cngmd2019_dbf.zip,microdatos_tabulados/cngmd_2019_estructura_organizacional_catastro_microdatos.dbf.zip,bee0bdd41d5bce261fac2be48c9e3d98,renamed
microdatos_tabulados/Estruc_organizacional_cngf2017_dbf.zip,microdatos_tabulados/cngf_2017_estructura_organizacional_microdatos.dbf.zip,bcdaf08f1d47b21030da31d319d60638,renamed
microdatos_tabulados/Estruc_organizacional_cngf2018_dbf.zip,microdatos_tabulados/cngf_2018_estructura_organizacional_microdatos.dbf.zip,6a793e5d6fb906d401357a5cca9223d6,renamed
microdatos_tabulados/Estruc_organizacional_cngf2019_dbf.zip,microdatos_tabulados/cngf_2019_estructura_organizacional_microdatos.dbf.zip,78bee2539fe4e61ed49046f3b8fb27a4,renamed
microdatos_tabulados/Estruc_organizacional_cngmd2017_dbf.zip,microdatos_tabulados/cngmd_2017_estructura_organizacional_microdatos.dbf.zip,9c58937685baa6b3c1aacfd8b522e80f,renamed
microdatos_tabulados/Estruc_organizacional_cngmd2019_dbf.zip,microdatos_tabulados/cngmd_2019_estructura_organizacional_microdatos.dbf.zip,93a50642b7ad31360a3919b25b304ff9,renamed
microdatos_tabulados/Estruct_aytto_cngmd2013_dbf.zip,microdatos_tabulados/cngmd_2013_estructura_ayuntamiento_microdatos.dbf.zip,9eebb164fe6156915f74de72a4b05c71,renamed
microdatos_tabulados/Estruct_aytto_cngmd2015_dbf.zip,microdatos_tabulados/cngmd_2015_estructura_ayuntamiento_microdatos.dbf.zip,c3842a328e7fade4b05e9701543536ac,renamed
microdatos_tabulados/Estructura_organizacional_catastro_cngmd2015_dbf.zip,microdatos_tabulados/cngmd_2015_estructura_organizacional_catastro_microdatos.dbf.zip,5120bf38288b11fd85243b64418cc2b0,renamed
microdatos_tabulados/Estructura_organizacional_cngmd2015_dbf.zip,microdatos_tabulados/cngmd_2015_estructura_organizacional_microdatos.dbf.zip,c893490b5c2b251856d82470a4decee1,renamed
microdatos_tabulados/Falleci_func_policial_cngmd2019_dbf.zip,microdatos_tabulados/cngmd_2019_fallecimientos_funcion_policial_microdatos.dbf.zip,f69e2b006b243d6215c3feb4783af3f1,renamed
microdatos_tabulados/Gob_elec_cngmd2015_dbf.zip,microdatos_tabulados/cngmd_2015_gobierno_electronico_microdatos.dbf.zip,7c027743d164ab9332c2fb8fbeaf3643,renamed
microdatos_tabulados/Gobierno_electronico_cngf2017_dbf.zip,microdatos_tabulados/cngf_2017_gobierno_electronico_microdatos.dbf.zip,7ad8dc3b3115248d82be2e0e37efa482,renamed
microdatos_tabulados/Gobierno_electronico_cngf2018_dbf.zip,microdatos_tabulados/cngf_2018_gobierno_electronico_microdatos.dbf.zip,16043f764fb966ab614e567caebf3d5c,renamed
microdatos_tabulados/Gobierno_electronico_cngmd2017_dbf.zip,microdatos_tabulados/cngmd_2017_gobierno_electronico_microdatos.dbf.zip,38c7b3190006ac34731b90273012f0f9,renamed
microdatos_tabulados/Gobierno_electronico_cngmd2019_dbf.zip,microdatos_tabulados/cngmd_2019_gobierno_electronico_microdatos.dbf.zip,e8064a0ea2e4f775ad2c43ce0bfcfc83,renamed
microdatos_tabulados/Impuesto_predial_cngmd2015_dbf.zip,microdatos_tabulados/cngmd_2015_impuesto_predial_microdatos.dbf.zip,ee6df9890976a4fee6ab819aa7b26366,renamed
microdatos_tabulados/Impuesto_predial_cngmd2017_dbf.zip,microdatos_tabulados/cngmd_2017_impuesto_predial_microdatos.dbf.zip,1a730d51d2ec995e68713303534bd347,renamed
microdatos_tabulados/Inf_admon_territorial_cngmd2019_dbf.zip,microdatos_tabulados/cngmd_2019_informacion_administracion_territorio_microdatos.dbf.zip,1c5832d56cf278d050ae68b183a2d00f,renamed
microdatos_tabulados/Infoestadistica_SP_cngmd2017_dbf.zip,microdatos_tabulados/cngmd_2017_informacion_estadistica_seguridad_publica_microdatos.dbf.zip,07257e627344dd70520f10497e2412b0,renamed
microdatos_tabulados/Infoestadistica_SP_cngmd2019_dbf.zip,microdatos_tabulados/cngmd_2019_informacion_estadistica_seguridad_publica_microdatos.dbf.zip,670ccf149c90182c61ab6ec318f49b36,renamed
microdatos_tabulados/Infraestructura_SP_cngmd2017_dbf.zip,microdatos_tabulados/cngmd_2017_infraestructura_seguridad_publica_microdatos.dbf.zip,1e1e58e7c833cdf98ed4902224e66286,renamed
microdatos_tabulados/Infraestructura_SP_cngmd2019_dbf.zip,microdatos_tabulados/cngmd_2019_infraestructura_seguridad_publica_microdatos.dbf.zip,f0685d5b08420f4bea9283e7dd71ed36,renamed
microdatos_tabulados/Infraestructura_cngmd2017_dbf.zip,microdatos_tabulados/cngmd_2017_infraestructura_general_microdatos.dbf.zip,b8aa40011a9b167d5f6c1ba1c7245721,renamed
microdatos_tabulados/Infraestructura_cngmd2019_dbf.zip,microdatos_tabulados/cngmd_2019_infraestructura_general_microdatos.dbf.zip,1f69f193cdc09c86bb18623be0eaf4a4,renamed
microdatos_tabulados/Ins_camp_imp_pred_cat_cngmd2019_dbf.zip,microdatos_tabulados/cngmd_2019_inspecciones_campo_impuesto_predial_catastro_microdatos.dbf.zip,4f0a80bb987d111ea23ceecb9fdbb40b,renamed
microdatos_tabulados/Inspecciones_campo_cngmd2017_dbf.zip,microdatos_tabulados/cngmd_2017_inspecciones_campo_microdatos.dbf.zip,ba4fbe7cf3a6edac6ef76fba43b85446,renamed
microdatos_tabulados/Inspecciones_de_campo_cngmd2015_dbf.zip,microdatos_tabulados/cngmd_2015_inspecciones_campo_microdatos.dbf.zip,50863cc5678e5cff97b3982647d07ade,renamed
microdatos_tabulados/Inst_juri_territorial_cngmd2019_dbf.zip,microdatos_tabulados/cngmd_2019_instrumentos_juridicos_planeacion_territorial_microdatos.dbf.zip,96f89a480bc68f02eab5e8b2dbd5b40f,renamed
microdatos_tabulados/Integrantes_ayuntami_cngmd2017_dbf.zip,microdatos_tabulados/cngmd_2017_integrantes_ayuntamiento_microdatos.dbf.zip,8192ffc90bbcfb4e2271918afdf063e7,renamed
microdatos_tabulados/Integrantes_ayuntami_cngmd2019_dbf.zip,microdatos_tabulados/cngmd_2019_integrantes_ayuntamiento_microdatos.dbf.zip,26138087191f29aa8039ac4e8ef0695a,renamed
microdatos_tabulados/Interven_policiamun_cngmd2017_dbf.zip,microdatos_tabulados/cngmd_2017_intervenciones_policia_municipal_microdatos.dbf.zip,94fc846734ed521988437e1598176262,renamed
microdatos_tabulados/Interven_policiamun_cngmd2019_dbf.zip,microdatos_tabulados/cngmd_2019_intervenciones_policia_municipal_microdatos.dbf.zip,3142de311c70b1cea8322a4c4db87c0c,renamed
microdatos_tabulados/JM_Ejercicio_funcion_cngmd2013_dbf.zip,microdatos_tabulados/cngmd_2013_justicia_municipal_ejercicio_funcion_microdatos.dbf.zip,b41fe3cb3010910af479c05d64656a2f,renamed
microdatos_tabulados/JM_Ejercicio_funcion_cngmd2015_dbf.zip,microdatos_tabulados/cngmd_2015_justicia_municipal_ejercicio_funcion_microdatos.dbf.zip,c61953104eedd222d98b735d189c98db,renamed
microdatos_tabulados/JM_Infraestructura_cngmd2013_dbf.zip,microdatos_tabulados/cngmd_2013_justicia_municipal_infraestructura_microdatos.dbf.zip,36d764e57ac3ab01d00a3bbf3483f851,renamed
microdatos_tabulados/JM_Infraestuctura_cngmd2015_dbf.zip,microdatos_tabulados/cngmd_2015_justicia_municipal_infraestructura_microdatos.dbf.zip,b348be1532397cadd01a8da8ec27cee7,renamed
microdatos_tabulados/JM_Recursos_cngmd2013_dbf.zip,microdatos_tabulados/cngmd_2013_justicia_municipal_recursos_microdatos.dbf.zip,07ce239d5a7ab3b65fde0b6200ce974b,renamed
microdatos_tabulados/JM_Recursos_cngmd2015_dbf.zip,microdatos_tabulados/cngmd_2015_justicia_municipal_recursos_microdatos.dbf.zip,af4aee713604a413912127314b3dcf6e,renamed
microdatos_tabulados/Mando_unico_policial_cngmd2017_dbf.zip,microdatos_tabulados/cngmd_2017_mando_unico_policial_microdatos.dbf.zip,79d9743a16cb55f787ea04b4714053d2,renamed
microdatos_tabulados/Mando_unico_policial_cngmd2019_dbf.zip,microdatos_tabulados/cngmd_2019_mando_unico_policial_microdatos.dbf.zip,033c1a97141b9b57ed6f43387b9215ba,renamed
microdatos_tabulados/Marco_regulatorio_cngf2017_dbf.zip,microdatos_tabulados/cngf_2017_marco_regulatorio_microdatos.dbf.zip,5305519b26ae8cb68197ec4c87e26680,renamed
microdatos_tabulados/Marco_regulatorio_cngf2018_dbf.zip,microdatos_tabulados/cngf_2018_marco_regulatorio_microdatos.dbf.zip,464a84087f7735761a1400bd8bc049bf,renamed
microdatos_tabulados/Marco_regulatorio_cngf2019_dbf.zip,microdatos_tabulados/cngf_2019_marco_regulatorio_microdatos.dbf.zip,a9811c4671ab8cc58b3cc5cf0d9a7cbd,renamed
microdatos_tabulados/Marco_regulatorio_cngmd2015_dbf.zip,microdatos_tabulados/cngmd_2015_marco_regulatorio_microdatos.dbf.zip,b5998c6f791ebfe65e17b843bdc428c8,renamed
microdatos_tabulados/Marco_regulatorio_cngmd2017_dbf.zip,microdatos_tabulados/cngmd_2017_marco_regulatorio_microdatos.dbf.zip,614460c7855581345af8d900027467f0,renamed
microdatos_tabulados/Marco_regulatorio_cngmd2019_dbf.zip,microdatos_tabulados/cngmd_2019_marco_regulatorio_microdatos.dbf.zip,1a27a566565a64b3d7dd2362637b70a6,renamed
microdatos_tabulados/Marco_regulatorio_ter_cngmd2017_dbf.zip,microdatos_tabulados/cngmd_2017_marco_regulatorio_territorial_microdatos.dbf.zip,ed1da022d3898291b01047f65306e355,renamed
microdatos_tabulados/Pad_cart_catastral_cngmd2019_dbf.zip,microdatos_tabulados/cngmd_2019_padron_cartografia_catastral_microdatos.dbf.zip,a7dd57be59328899092a96e1c34b7301,renamed
microdatos_tabulados/Padron_catastral_cngmd2015_dbf.zip,microdatos_tabulados/cngmd_2015_padron_catastral_microdatos.dbf.zip,bfcd91b91febd7c49a33d059c3a64f51,renamed
microdatos_tabulados/Padron_catastral_cngmd2017_dbf.zip,microdatos_tabulados/cngmd_2017_padron_catastral_microdatos.dbf.zip,feea80c44578f58dad568de1ab681a66,renamed
microdatos_tabulados/Part_ciud_RSU_cngmd2015_dbf.zip,microdatos_tabulados/cngmd_2015_participacion_ciudadana_residuos_solidos_microdatos.dbf.zip,d372476e7e2023a635025f7c1ea1bf94,renamed
microdatos_tabulados/Part_ciud_RSU_cngmd2017_dbf.zip,microdatos_tabulados/cngmd_2017_participacion_ciudadana_residuos_solidos_microdatos.dbf.zip,470450a838f1aac8534a4e6945f4e02e,renamed
microdatos_tabulados/Participacion_ciudada_cngmd2017_dbf.zip,microdatos_tabulados/cngmd_2017_participacion_ciudadana_microdatos.dbf.zip,3ccb511249b1d9928fb62ebbb72417d3,renamed
microdatos_tabulados/Participacion_ciudada_cngmd2019_dbf.zip,microdatos_tabulados/cngmd_2019_participacion_ciudadana_microdatos.dbf.zip,5f9b3fd2dabeb96dcc5ca662ecd5f664,renamed
microdatos_tabulados/Participacion_cuidadana_cngmd2015_dbf.zip,microdatos_tabulados/cngmd_2015_participacion_ciudadana_microdatos.dbf.zip,7625a0ffabdf889a40f4e53b3e3292d9,renamed
microdatos_tabulados/Plan_evalua_cngmd2015_dbf.zip,microdatos_tabulados/cngmd_2015_planeacion_evaluacion_microdatos.dbf.zip,22bc279db28eb0ff8b51726cf4a4472a,renamed
microdatos_tabulados/Planea_admon_gestion_cngmd2017_dbf.zip,microdatos_tabulados/cngmd_2017_planeacion_administracion_archivos_microdatos.dbf.zip,203bcc3fcd4178bce1c3c9376875eca8,renamed
microdatos_tabulados/Planea_evaluacion_cngmd2017_dbf.zip,microdatos_tabulados/cngmd_2017_planeacion_evaluacion_microdatos.dbf.zip,0e5a787d56a556dc174641e910b9d65f,renamed
microdatos_tabulados/Planea_evaluacion_cngmd2019_dbf.zip,microdatos_tabulados/cngmd_2019_planeacion_evaluacion_microdatos.dbf.zip,136813d48c182c63e15a18f1e3d77d48,renamed
microdatos_tabulados/Planeacion_evaluacion_cngf2017_dbf.zip,microdatos_tabulados/cngf_2017_planeacion_evaluacion_microdatos.dbf.zip,71e85ebac41c1f8f005bf3fdf29e5a8d,renamed
microdatos_tabulados/Planeacion_evaluacion_cngf2018_dbf.zip,microdatos_tabulados/cngf_2018_planeacion_evaluacion_microdatos.dbf.zip,b9007291999cdbdd5117da99aeee2cf7,renamed
microdatos_tabulados/Planeacion_evaluacion_cngf2019_dbf.zip,microdatos_tabulados/cngf_2019_planeacion_evaluacion_microdatos.dbf.zip,d2a5c4a89eaf13ad296c9a6b2d9f08a8,renamed
microdatos_tabulados/Plantas_pot_cngmd2017_dbf.zip,microdatos_tabulados/cngmd_2017_plantas_potabilizacion_microdatos.dbf.zip,97ff89c691a74d4d49e23196a40f48fe,renamed
microdatos_tabulados/Presunta_infracdelito_cngmd2017_dbf.zip,microdatos_tabulados/cngmd_2017_presuntas_infracciones_delitos_intervenciones_microdatos.dbf.zip,719c7890d72fc8c23914f36b9a0b463a,renamed
microdatos_tabulados/Presunta_infracdelito_cngmd2019_dbf.zip,microdatos_tabulados/cngmd_2019_presuntas_infracciones_delitos_intervenciones_microdatos.dbf.zip,7d72e0762dcb6f7a0de9ba586a54fdda,renamed
microdatos_tabulados/Probable_infractor_cngmd2017_dbf.zip,microdatos_tabulados/cngmd_2017_probables_infractores_responsables_intervenciones_microdatos.dbf.zip,da8dee91a5f38712b7bf319b1e44295d,renamed
microdatos_tabulados/Probable_infractor_cngmd2019_dbf.zip,microdatos_tabulados/cngmd_2019_probables_infractores_responsables_intervenciones_microdatos.dbf.zip,e333e71d7e99d88f3021eb21d46f3983,renamed
microdatos_tabulados/Probable_victima_reg_cngmd2017_dbf.zip,microdatos_tabulados/cngmd_2017_probables_victimas_registradas_intervenciones_microdatos.dbf.zip,6fc13dace652259b233f911104c67998,renamed
microdatos_tabulados/Probable_victima_reg_cngmd2019_dbf.zip,microdatos_tabulados/cngmd_2019_probables_victimas_registradas_intervenciones_microdatos.dbf.zip,c1178021fa8ba33047eb5a7f4617c3fc,renamed
microdatos_tabulados/Procesos_catastrales_cngmd2015_dbf.zip,microdatos_tabulados/cngmd_2015_procesos_catastrales_microdatos.dbf.zip,5eb426397761515286f1b3a79a016f5b,renamed
microdatos_tabulados/Procesos_catastrales_cngmd2017_dbf.zip,microdatos_tabulados/cngmd_2017_procesos_catastrales_microdatos.dbf.zip,3e769b7e65b14632d2583b8e038caf19,renamed
microdatos_tabulados/Prog_gest_aguapot_cngmd2015_dbf.zip,microdatos_tabulados/cngmd_2015_programas_gestion_sustentable_agua_potable_microdatos.dbf.zip,f5c36e6eb33fa8077a76592971d5899f,renamed
microdatos_tabulados/Prog_gest_aguapot_cngmd2017_dbf.zip,microdatos_tabulados/cngmd_2017_programas_gestion_sustentable_agua_potable_microdatos.dbf.zip,ae280f78195442a64c04665f82956477,renamed
microdatos_tabulados/Prog_gest_int_RSU_cngmd2015_dbf.zip,microdatos_tabulados/cngmd_2015_programas_gestion_integral_residuos_solidos_microdatos.dbf.zip,4971b6bc5cd6eca844d490d39cdaac82,renamed
microdatos_tabulados/Prog_gest_int_RSU_cngmd2017_dbf.zip,microdatos_tabulados/cngmd_2017_programas_gestion_integral_residuos_solidos_microdatos.dbf.zip,1465f6babb908300ea64e7b024b112bd,renamed
microdatos_tabulados/Prog_moderni_catastral_cngmd207_dbf.zip,microdatos_tabulados/cngmd_2017_programa_modernizacion_catastral_microdatos.dbf.zip,b8656683b06372a11a153a43e4fb0e21,renamed
microdatos_tabulados/Programa_modernizacion_catastral_cngmd2015_dbf.zip,microdatos_tabulados/cngmd_2015_programa_modernizacion_catastral_microdatos.dbf.zip,066134ecc02ec61501945cf0bc021def,renamed
microdatos_tabulados/Proteccion_civil_cngmd2015_dbf.zip,microdatos_tabulados/cngmd_2015_proteccion_civil_microdatos.dbf.zip,74762a338dbdb3d813fb37b4da400a9c,renamed
microdatos_tabulados/Proteccion_civil_cngmd2017_dbf.zip,microdatos_tabulados/cngmd_2017_proteccion_civil_microdatos.dbf.zip,ba378b79b3a6d896f2a6926fa94b8c16,renamed
microdatos_tabulados/Proteccion_civil_cngmd2019_dbf.zip,microdatos_tabulados/cngmd_2019_proteccion_civil_microdatos.dbf.zip,768acffa739dc5dcf3948d6c454d3c2e,renamed
microdatos_tabulados/Rec_RSU_cngmd2015_dbf.zip,microdatos_tabulados/cngmd_2015_recoleccion_residuos_solidos_urbanos_microdatos.dbf.zip,ee02f490473197f2f637d31d5bccf579,renamed
microdatos_tabulados/Rec_RSU_cngmd2017_dbf.zip,microdatos_tabulados/cngmd_2017_recoleccion_residuos_solidos_urbanos_microdatos.dbf.zip,45fe78c9af6cab3e74b1dc7022ddc7c2,renamed
microdatos_tabulados/Rec_admon_gestiondoc_cngmd2017_dbf.zip,microdatos_tabulados/cngmd_2017_recursos_administracion_archivos_microdatos.dbf.zip,c2040974db89ac373d35d72ddf066da7,renamed
microdatos_tabulados/Rec_hum_territorial_cngmd2019_dbf.zip,microdatos_tabulados/cngmd_2019_recursos_humanos_capacitacion_territorial_microdatos.dbf.zip,9f12e9f0315364a18bada7ad6fc5be01,renamed
microdatos_tabulados/Rec_materiales_cngmd2017_dbf.zip,microdatos_tabulados/cngmd_2017_recursos_materiales_microdatos.dbf.zip,ecff77b38d8578cd0e4885974f234b2c,renamed
microdatos_tabulados/Rec_materiales_cngmd2019_dbf.zip,microdatos_tabulados/cngmd_2019_recursos_materiales_microdatos.dbf.zip,19e4e487d41105a21cc0a26d1c450aa1,renamed
microdatos_tabulados/Rec_presupuestal_cngmd2017_dbf.zip,microdatos_tabulados/cngmd_2017_recursos_presupuestales_microdatos.dbf.zip,fc102ecebe63bfbfc486212d40eb4ecf,renamed
microdatos_tabulados/Rec_presupuestal_cngmd2019_dbf.zip,microdatos_tabulados/cngmd_2019_recursos_presupuestales_microdatos.dbf.zip,e8e83da386032c3df905c870e7fadc94,renamed
microdatos_tabulados/Recpres_admon_gestion_cngmd2017_dbf.zip,microdatos_tabulados/cngmd_2017_recursos_presupuestales_administracion_archivos_microdatos.dbf.zip,6ac7e3f83da0f44f0cf901e1d0c65712,renamed
microdatos_tabulados/Recpresu_trans_accpro_cngmd2017_dbf.zip,microdatos_tabulados/cngmd_2017_recursos_presupuestales_transparencia_proteccion_microdatos.dbf.zip,d371682f6442e7e768669b2a55f12744,renamed
microdatos_tabulados/Recursos_SP_cngmd2017_dbf.zip,microdatos_tabulados/cngmd_2017_recursos_seguridad_publica_microdatos.dbf.zip,f47ba27488000f7e493be7b4a6756bb1,renamed
microdatos_tabulados/Recursos_SP_cngmd2019_dbf.zip,microdatos_tabulados/cngmd_2019_recursos_seguridad_publica_microdatos.dbf.zip,bbe73afed4cdc96384493b5326e405bd,renamed
microdatos_tabulados/Recursos_cngmd2015_dbf.zip,microdatos_tabulados/cngmd_2015_recursos_microdatos.dbf.zip,03a0e9aceb11b82af05fbe7eecfbcf79,renamed
microdatos_tabulados/Recursos_humanos_cngf2017_dbf.zip,microdatos_tabulados/cngf_2017_recursos_humanos_microdatos.dbf.zip,f68f0c6558ba9be9cb2a55c333722471,renamed
microdatos_tabulados/Recursos_humanos_cngf2018_dbf.zip,microdatos_tabulados/cngf_2018_recursos_humanos_microdatos.dbf.zip,35a80289b306502735861e0ab1a70832,renamed
microdatos_tabulados/Recursos_humanos_cngf2019_dbf.zip,microdatos_tabulados/cngf_2019_recursos_humanos_microdatos.dbf.zip,36ed16740e9819b5a09c13babf061256,renamed
microdatos_tabulados/Recursos_humanos_cngmd2017_dbf.zip,microdatos_tabulados/cngmd_2017_recursos_humanos_microdatos.dbf.zip,5181061e62541d77771f713b20971115,renamed
microdatos_tabulados/Recursos_humanos_cngmd2019_dbf.zip,microdatos_tabulados/cngmd_2019_recursos_humanos_microdatos.dbf.zip,f54c8625a1f380b0cb31a1ac4fde4362,renamed
microdatos_tabulados/Recursos_materiales_cngf2017_dbf.zip,microdatos_tabulados/cngf_2017_recursos_materiales_microdatos.dbf.zip,10b3b0d6b00d3cc7accc74ce6c6eaaf3,renamed
microdatos_tabulados/Recursos_materiales_cngf2018_dbf.zip,microdatos_tabulados/cngf_2018_recursos_materiales_microdatos.dbf.zip,7a41b1f170a80e81fd3e078ba292090f,renamed
microdatos_tabulados/Recursos_materiales_cngf2019_dbf.zip,microdatos_tabulados/cngf_2019_recursos_materiales_microdatos.dbf.zip,0c76932f78b2130f765ff238bf85e6ba,renamed
microdatos_tabulados/Recursos_presupuestal_cngf2017_dbf.zip,microdatos_tabulados/cngf_2017_recursos_presupuestales_microdatos.dbf.zip,bc71fc78ff9b24f62fed524080731f32,renamed
microdatos_tabulados/Recursos_presupuestal_cngf2018_dbf.zip,microdatos_tabulados/cngf_2018_recursos_presupuestales_microdatos.dbf.zip,1a9e322437ad5e453627372845ff5edc,renamed
microdatos_tabulados/Recursos_presupuestal_cngf2019_dbf.zip,microdatos_tabulados/cngf_2019_recursos_presupuestales_microdatos.dbf.zip,7f1942d96fb1b0d9d2984cf461388a98,renamed
microdatos_tabulados/Reserv_territoriales_cngmd2017_dbf.zip,microdatos_tabulados/cngmd_2017_reservas_territoriales_microdatos.dbf.zip,3e8bc8a4a3cd7208235b33734d27fd7f,renamed
microdatos_tabulados/Reserv_territoriales_cngmd2019_dbf.zip,microdatos_tabulados/cngmd_2019_reservas_territoriales_microdatos.dbf.zip,caf5d5cfcb63bc1bdd1ae51306e22528,renamed
microdatos_tabulados/Resguar_inf_catastral_cngmd2017_dbf.zip,microdatos_tabulados/cngmd_2017_resguardo_informacion_catastral_microdatos.dbf.zip,c6c48a3673149b815cce896e0475d379,renamed
microdatos_tabulados/Resguardo_informacion_catastral_cngmd2015_dbf.zip,microdatos_tabulados/cngmd_2015_resguardo_informacion_catastral_microdatos.dbf.zip,0f618075dadb82ae5a74a176f3496c9f,renamed
microdatos_tabulados/SP_Ejercicio_funcion_cngmd2013_dbf.zip,microdatos_tabulados/cngmd_2013_seguridad_publica_ejercicio_funcion_microdatos.dbf.zip,cc683f8bc829f9fdbb57d4ca48db6eae,renamed
microdatos_tabulados/SP_Ejercicio_funcion_cngmd2015_dbf.zip,microdatos_tabulados/cngmd_2015_seguridad_publica_ejercicio_funcion_microdatos.dbf.zip,627b0741e3a063d629c5b99878e11c96,renamed
microdatos_tabulados/SP_Infraestructura_cngmd2013_dbf.zip,microdatos_tabulados/cngmd_2013_seguridad_publica_infraestructura_microdatos.dbf.zip,c2e465f2f66e581e59dfa209df524dec,renamed
microdatos_tabulados/SP_Recursos_cngmd2013_dbf.zip,microdatos_tabulados/cngmd_2013_seguridad_publica_recursos_microdatos.dbf.zip,79d47cbbc99de3750002d8ea7c800619,renamed
microdatos_tabulados/Serv_agua_red_cngmd2015_dbf.zip,microdatos_tabulados/cngmd_2015_servicio_agua_red_publica_microdatos.dbf.zip,886f710acac492b7ee73e49791134e0c,renamed
microdatos_tabulados/Serv_agua_red_cngmd2017_dbf.zip,microdatos_tabulados/cngmd_2017_servicio_agua_red_publica_microdatos.dbf.zip,76866c737ed8a444216b72e5ae65d71a,renamed
microdatos_tabulados/Serv_publicos_cngmd2015_dbf.zip,microdatos_tabulados/cngmd_2015_servicios_publicos_microdatos.dbf.zip,7485a2e5a9ca9f69729285443e197895,renamed
microdatos_tabulados/Servicios_publicos_cngmd2017_dbf.zip,microdatos_tabulados/cngmd_2017_servicios_publicos_microdatos.dbf.zip,5951f95958aa9ab4cb0fc552e993af2e,renamed
microdatos_tabulados/Servicios_publicos_cngmd2019_dbf.zip,microdatos_tabulados/cngmd_2019_servicios_publicos_microdatos.dbf.zip,5739fc6ca6ebea4a8875302af25b78b1,renamed
microdatos_tabulados/Sist_gestion_control_cngmd2017_dbf.zip,microdatos_tabulados/cngmd_2017_sistema_gestion_control_documentos_microdatos.dbf.zip,5e632b98433745dca414250837d4ce0c,renamed
microdatos_tabulados/Sist_instituc_archivo_cngmd2017_dbf.zip,microdatos_tabulados/cngmd_2017_sistema_institucional_archivos_microdatos.dbf.zip,cb1605db5d098ea90e33696f21852c78,renamed
microdatos_tabulados/Solic_acceso_protecc_cngmd2017_dbf.zip,microdatos_tabulados/cngmd_2017_solicitudes_acceso_informacion_proteccion_datos_microdatos.dbf.zip,c47939e79e6fa3c2024d2cd5bf5c3bd2,renamed
microdatos_tabulados/Tecno_infor_catastral_cngmd2017_dbf.zip,microdatos_tabulados/cngmd_2017_tecnologias_informacion_catastral_microdatos.dbf.zip,f0ce397e09abff85ada5c0df4d71c0bd,renamed
microdatos_tabulados/Tecnologias_informacion_catastral_cngmd2015_dbf.zip,microdatos_tabulados/cngmd_2015_tecnologias_informacion_catastral_microdatos.dbf.zip,f551514c989a8085138b9bfb7ead8c1c,renamed
microdatos_tabulados/Tramites_serv_cngmd2015_dbf.zip,microdatos_tabulados/cngmd_2015_tramites_servicios_microdatos.dbf.zip,cb99e2cf4eff881c1a53952b1896b56d,renamed
microdatos_tabulados/Tramites_servicios_cngf2017_dbf.zip,microdatos_tabulados/cngf_2017_tramites_servicios_microdatos.dbf.zip,3ef61a30f32f41ffa6f71d3999e2c322,renamed
microdatos_tabulados/Tramites_servicios_cngf2018_dbf.zip,microdatos_tabulados/cngf_2018_tramites_servicios_microdatos.dbf.zip,73f59859bade89bf4e62470f09af3011,renamed
microdatos_tabulados/Tramites_servicios_cngf2019_dbf.zip,microdatos_tabulados/cngf_2019_tramites_servicios_microdatos.dbf.zip,0942123a458e52253161cbea18c0fec0,renamed
microdatos_tabulados/Tramites_servicios_cngmd2017_dbf.zip,microdatos_tabulados/cngmd_2017_tramites_servicios_microdatos.dbf.zip,1475bd4719a638655fa896d8cf577960,renamed
microdatos_tabulados/Tramites_servicios_cngmd2019_dbf.zip,microdatos_tabulados/cngmd_2019_tramites_servicios_microdatos.dbf.zip,dc7bbb7969ac9681819f87528498a928,renamed
microdatos_tabulados/Transparencia_cngmd2015_dbf.zip,microdatos_tabulados/cngmd_2015_transparencia_microdatos.dbf.zip,d7b895eee13a7d2f30fdcd30d128ddf1,renamed
microdatos_tabulados/Transparencia_cngmd2017_dbf.zip,microdatos_tabulados/cngmd_2017_transparencia_microdatos.dbf.zip,6dd6c806ec70251f344836d57e96bfc2,renamed
microdatos_tabulados/Transparencia_cngmd2019_dbf.zip,microdatos_tabulados/cngmd_2019_transparencia_microdatos.dbf.zip,dc0bf842f61c19b52e77236f7d1dcdd9,renamed
microdatos_tabulados/Trat_RSU_cngmd2015_dbf.zip,microdatos_tabulados/cngmd_2015_tratamiento_residuos_solidos_urbanos_microdatos.dbf.zip,b648a98188636ee9cf98378f2d97a80f,renamed
microdatos_tabulados/Trat_RSU_cngmd2017_dbf.zip,microdatos_tabulados/cngmd_2017_tratamiento_residuos_solidos_urbanos_microdatos.dbf.zip,7cab2a94558cfdf4abf395648acbd44a,renamed
microdatos_tabulados/Trat_aguas_resid_cngmd2015_dbf.zip,microdatos_tabulados/cngmd_2015_tratamiento_aguas_residuales_microdatos.dbf.zip,c4041a3b40b8aaa2316618b4665a26dc,renamed
microdatos_tabulados/Trat_aguas_resid_cngmd2017_dbf.zip,microdatos_tabulados/cngmd_2017_tratamiento_aguas_residuales_microdatos.dbf.zip,949b5e218cdca06c70940482be49d4cf,renamed
microdatos_tabulados/Valua_vinc_catastral_cngmd2019_dbf.zip,microdatos_tabulados/cngmd_2019_valuacion_vinculacion_catastral_microdatos.dbf.zip,04f337e7ba625d83817e8e1c735ac767,renamed
microdatos_tabulados/Valuacion_catastral_cngmd2015_dbf.zip,microdatos_tabulados/cngmd_2015_valuacion_catastral_microdatos.dbf.zip,8f22a3f306c3435b5098447b48ed575f,renamed
microdatos_tabulados/Valuacion_catastral_cngmd2017_dbf.zip,microdatos_tabulados/cngmd_2017_valuacion_catastral_microdatos.dbf.zip,89d352a36b900165c9f6e916d593cc0c,renamed
microdatos_tabulados/Vinculacion_catastral_cngmd2015_dbf.zip,microdatos_tabulados/cngmd_2015_vinculacion_catastral_microdatos.dbf.zip,4a90031612a1ae8ff8b12565d198d99c,renamed
microdatos_tabulados/Vinculacion_catastral_cngmd2017_dbf.zip,microdatos_tabulados/cngmd_2017_vinculacion_catastral_microdatos.dbf.zip,763aba42b5c376bc116dbd3be87f2fb8,renamed
microdatos_tabulados/admin_agua_cngmd2019_dbf.zip,microdatos_tabulados/cngmd_2019_administracion_servicio_agua_red_publica_microdatos.dbf.zip,78b58e99a6c286a60fd3448b6709bf9a,renamed
microdatos_tabulados/aguas_sintrat_cngmd2019_dbf.zip,microdatos_tabulados/cngmd_2019_aguas_residuales_sin_tratamiento_microdatos.dbf.zip,9cea935ecc621c8e2e4a9b526641783f,renamed
microdatos_tabulados/apmd_estructura_cngmd2011_dbf.zip,microdatos_tabulados/cngmd_2011_administracion_publica_estructura_microdatos.dbf.zip,95b1a5d2c089efdbd6d28f0b936d630d,renamed
microdatos_tabulados/apmd_funciones_cngmd2011_dbf.zip,microdatos_tabulados/cngmd_2011_administracion_publica_funciones_especificas_microdatos.dbf.zip,8ef6d89a8f3fc0402bad9b947109b7cd,renamed
microdatos_tabulados/apmd_marco_cngmd2011_dbf.zip,microdatos_tabulados/cngmd_2011_administracion_publica_marco_regulatorio_microdatos.dbf.zip,2819ffa8745a4263a914578bc965b6ab,renamed
microdatos_tabulados/apmd_participacion_cngmd2011_dbf.zip,microdatos_tabulados/cngmd_2011_administracion_publica_participacion_ciudadana_microdatos.dbf.zip,fcd17071fa79981d5f285c7af88b7022,renamed
microdatos_tabulados/apmd_recursos_cngmd2011_dbf.zip,microdatos_tabulados/cngmd_2011_administracion_publica_recursos_microdatos.dbf.zip,ff2429ab37e2cc3aeb64957dbdbf0855,renamed
microdatos_tabulados/apmd_tramites_cngmd2011_dbf.zip,microdatos_tabulados/cngmd_2011_administracion_publica_tramites_servicios_microdatos.dbf.zip,94977b16e008f925867ff08591bc660b,renamed
microdatos_tabulados/apmd_transparencia_cngmd2011_dbf.zip,microdatos_tabulados/cngmd_2011_administracion_publica_transparencia_anticorrupcion_microdatos.dbf.zip,a160a52bda8a5f58dfe65a31084c7a44,renamed
microdatos_tabulados/ayu_comisiones_cngmd2011_dbf.zip,microdatos_tabulados/cngmd_2011_ayuntamiento_comisiones_iniciativas_microdatos.dbf.zip,65a87fd5187f7c8da7725161d0990b2f,renamed
microdatos_tabulados/ayu_estructura_cngmd2011_dbf.zip,microdatos_tabulados/cngmd_2011_ayuntamiento_estructura_organizacional_microdatos.dbf.zip,f0d21621a48754ef6320e3da1f607d1f,renamed
microdatos_tabulados/capta_agua_cngmd2019_dbf.zip,microdatos_tabulados/cngmd_2019_captacion_agua_abastecimiento_publico_microdatos.dbf.zip,b86ecdb74100b438917c1601950a3f6f,renamed
microdatos_tabulados/cnge2022_catastro.xlsx,microdatos_tabulados/cnge_2022_catastro_tabulados.xlsx,c6225261777cf71b1e8abfaee51af08e,renamed
microdatos_tabulados/cnge2022_contratos.xlsx,microdatos_tabulados/cnge_2022_contrataciones_publicas_tabulados.xlsx,216d6ceda34c74ea5ed01ab390e29f1c,renamed
microdatos_tabulados/cnge2022_ctrl_int.xlsx,microdatos_tabulados/cnge_2022_control_interno_anticorrupcion_tabulados.xlsx,1eb338d03d067e567e0dde9fcc959854,renamed
microdatos_tabulados/cnge2022_defensoria.xlsx,microdatos_tabulados/cnge_2022_defensoria_publica_tabulados.xlsx,219873e8cccfaa67e97b5b25f2b80dc8,renamed
microdatos_tabulados/cnge2022_est_org_rec.xlsx,microdatos_tabulados/cnge_2022_estructura_organizacional_recursos_tabulados.xlsx,c0085160186050a94b6acca4887a4979,renamed
microdatos_tabulados/cnge2022_gest_terr.xlsx,microdatos_tabulados/cnge_2022_planeacion_gestion_territorial_tabulados.xlsx,cb9d5584e11d224bbd5b571eb44743d5,renamed
microdatos_tabulados/cnge2022_medio_amb.xlsx,microdatos_tabulados/cnge_2022_medio_ambiente_tabulados.xlsx,4dd1eaa3d466e02bf4562a781c78a1f4,renamed
microdatos_tabulados/cnge2022_prot_civil.xlsx,microdatos_tabulados/cnge_2022_proteccion_civil_tabulados.xlsx,10907b4011286a44a1a8a88140c303fe,renamed
microdatos_tabulados/cnge2022_reg_pub_prop.xlsx,microdatos_tabulados/cnge_2022_registro_publico_propiedad_tabulados.xlsx,777dc831108f5e0dfc687b2a50d0eca6,renamed
microdatos_tabulados/cnge2022_serv_peri.xlsx,microdatos_tabulados/cnge_2022_servicios_periciales_tabulados.xlsx,889cccdfcfc9937d1b81fb658071de90,renamed
microdatos_tabulados/cnge2022_tramites.xlsx,microdatos_tabulados/cnge_2022_tramites_servicios_tabulados.xlsx,ed84581112a81ec7186f35ce20c8ee67,renamed
microdatos_tabulados/cnge2022_transparencia.xlsx,microdatos_tabulados/cnge_2022_transparencia_tabulados.xlsx,37746c0fbd2e5fa351beb3fa125a4a84,renamed
microdatos_tabulados/cnge2023_adm_archivos.xlsx,microdatos_tabulados/cnge_2023_administracion_archivos_gestion_documental_tabulados.xlsx,9005179a881c90a9c786be296c7e4da3,renamed
microdatos_tabulados/cnge2023_catastro.xlsx,microdatos_tabulados/cnge_2023_catastro_tabulados.xlsx,c8e15a5a3156c495f4837256d6457c6f,renamed
microdatos_tabulados/cnge2023_contratos.xlsx,microdatos_tabulados/cnge_2023_contrataciones_publicas_tabulados.xlsx,3c830dfcc18a1f6dbd6ac783afa3c45a,renamed
microdatos_tabulados/cnge2023_ctrl_int.xlsx,microdatos_tabulados/cnge_2023_control_interno_anticorrupcion_tabulados.xlsx,bb59ae204a9bd2340b08210e6ccde021,renamed
microdatos_tabulados/cnge2023_defensoria.xlsx,microdatos_tabulados/cnge_2023_defensoria_publica_tabulados.xlsx,dae8b63d98b6e0c287798e45a8a42290,renamed
microdatos_tabulados/cnge2023_est_org_rec.xlsx,microdatos_tabulados/cnge_2023_estructura_organizacional_recursos_tabulados.xlsx,eb814acf39c215d87dcdce71211241aa,renamed
microdatos_tabulados/cnge2023_gest_terr.xlsx,microdatos_tabulados/cnge_2023_planeacion_gestion_territorial_tabulados.xlsx,1da4758310ac9f34effe77f00624a991,renamed
microdatos_tabulados/cnge2023_medio_amb.xlsx,microdatos_tabulados/cnge_2023_medio_ambiente_tabulados.xlsx,a3e1934e13b7141bb7ceb9446ef94a91,renamed
microdatos_tabulados/cnge2023_prog_social.xlsx,microdatos_tabulados/cnge_2023_programas_sociales_tabulados.xlsx,5bda17a54be496d012c2d33e3fd5a3df,renamed
microdatos_tabulados/cnge2023_prot_civil.xlsx,microdatos_tabulados/cnge_2023_proteccion_civil_tabulados.xlsx,773ace530a549581770be86cdd6e49fe,renamed
microdatos_tabulados/cnge2023_reg_pub_prop.xlsx,microdatos_tabulados/cnge_2023_registro_publico_propiedad_tabulados.xlsx,113de37294663f08c2652bd16c7d3c6b,renamed
microdatos_tabulados/cnge2023_serv_peri.xlsx,microdatos_tabulados/cnge_2023_servicios_periciales_tabulados.xlsx,49b0b09f34816ab2b5ac16bd0886c24f,renamed
microdatos_tabulados/cnge2023_tramites.xlsx,microdatos_tabulados/cnge_2023_tramites_servicios_tabulados.xlsx,54e91b96a00fe144161f3d139f4f9614,renamed
microdatos_tabulados/cnge2023_transparencia.xlsx,microdatos_tabulados/cnge_2023_transparencia_tabulados.xlsx,97fb521ed8d382a0bf5207b9f0a0162d,renamed
microdatos_tabulados/cnge2024_catastro.xlsx,microdatos_tabulados/cnge_2024_catastro_tabulados.xlsx,86ecd947c00e4ce69ebe53713c53f75c,renamed
microdatos_tabulados/cnge2024_contratos.xlsx,microdatos_tabulados/cnge_2024_contrataciones_publicas_tabulados.xlsx,4a906116bede4d7e281f7b71dea77249,renamed
microdatos_tabulados/cnge2024_ctrl_int.xlsx,microdatos_tabulados/cnge_2024_control_interno_anticorrupcion_tabulados.xlsx,028111759d506cab9b9b1226e8a796d9,renamed
microdatos_tabulados/cnge2024_defensoria.xlsx,microdatos_tabulados/cnge_2024_defensoria_publica_tabulados.xlsx,ffe0f72ed14a0b8fcd32520450645c1c,renamed
microdatos_tabulados/cnge2024_est_org_rec.xlsx,microdatos_tabulados/cnge_2024_estructura_organizacional_recursos_tabulados.xlsx,bb3e1e756baa558331c621a25c6bce49,renamed
microdatos_tabulados/cnge2024_gest_terr.xlsx,microdatos_tabulados/cnge_2024_planeacion_gestion_territorial_tabulados.xlsx,2a8294671c98ff88b83a35efa7c0bff0,renamed
microdatos_tabulados/cnge2024_medio_amb.xlsx,microdatos_tabulados/cnge_2024_medio_ambiente_tabulados.xlsx,c1c52f76af5b166dbf7ad5ff18c51bd9,renamed
microdatos_tabulados/cnge2024_prog_social.xlsx,microdatos_tabulados/cnge_2024_programas_sociales_tabulados.xlsx,7c7416c89ad48175952e21a3c89c5d35,renamed
microdatos_tabulados/cnge2024_prot_civil.xlsx,microdatos_tabulados/cnge_2024_proteccion_civil_tabulados.xlsx,9027e5dfee023a297dda557e0aecb3de,renamed
microdatos_tabulados/cnge2024_reg_pub_prop.xlsx,microdatos_tabulados/cnge_2024_registro_publico_propiedad_tabulados.xlsx,d4617341ea190a2e0a0e1392d6fe366f,renamed
microdatos_tabulados/cnge2024_serv_peri.xlsx,microdatos_tabulados/cnge_2024_servicios_periciales_tabulados.xlsx,d141b1286882341e5a37ce6642a7530e,renamed
microdatos_tabulados/cnge2024_transparencia.xlsx,microdatos_tabulados/cnge_2024_transparencia_tabulados.xlsx,701e6265d62db275b7d9f3c79d6714e7,renamed
microdatos_tabulados/cnge2025_alojam_asist.xlsx,microdatos_tabulados/cnge_2025_alojamientos_asistencia_social_tabulados.xlsx,47120b17adeac9df923f9367aefcfad6,renamed
microdatos_tabulados/cnge2025_catastro.xlsx,microdatos_tabulados/cnge_2025_catastro_tabulados.xlsx,a490c572bd0b02cf2a6f63eb658a9fe1,renamed
microdatos_tabulados/cnge2025_contratos.xlsx,microdatos_tabulados/cnge_2025_contrataciones_publicas_tabulados.xlsx,f8d6a8fe0429b17c06bfb246f9d7eca1,renamed
microdatos_tabulados/cnge2025_ctrl_int.xlsx,microdatos_tabulados/cnge_2025_control_interno_anticorrupcion_tabulados.xlsx,6fd6816fb599c7280eee97316805573d,renamed
microdatos_tabulados/cnge2025_defensoria.xlsx,microdatos_tabulados/cnge_2025_defensoria_publica_tabulados.xlsx,8cea5dc6a990e6186467863c6ddf72a8,renamed
microdatos_tabulados/cnge2025_est_org_rec.xlsx,microdatos_tabulados/cnge_2025_estructura_organizacional_recursos_tabulados.xlsx,95ce25a4aaf62064858eef017ed5a5b5,renamed
microdatos_tabulados/cnge2025_gest_terr.xlsx,microdatos_tabulados/cnge_2025_planeacion_gestion_territorial_tabulados.xlsx,a463fe170cd4042c2f71d39856f4f33c,renamed
microdatos_tabulados/cnge2025_medio_amb.xlsx,microdatos_tabulados/cnge_2025_medio_ambiente_tabulados.xlsx,47912a8bdb4b1928fa8e101b905b3bf0,renamed
microdatos_tabulados/cnge2025_prog_social.xlsx,microdatos_tabulados/cnge_2025_programas_sociales_tabulados.xlsx,6d5d77208733740d4cd6f457f534ee89,renamed
microdatos_tabulados/cnge2025_prot_civil.xlsx,microdatos_tabulados/cnge_2025_proteccion_civil_tabulados.xlsx,e78b1501f567aa259787fd8eaa53aaea,renamed
microdatos_tabulados/cnge2025_reg_pub_prop.xlsx,microdatos_tabulados/cnge_2025_registro_publico_propiedad_tabulados.xlsx,3fad06763a8f7f90adadce65af3735b3,renamed
microdatos_tabulados/cnge2025_serv_peri.xlsx,microdatos_tabulados/cnge_2025_servicios_periciales_tabulados.xlsx,475f2667bde62ed3c26d1af7ee3c8f10,renamed
microdatos_tabulados/cnge2025_transparencia.xlsx,microdatos_tabulados/cnge_2025_transparencia_tabulados.xlsx,35cb9553ae77fc07dd8b182b60feb94c,renamed
microdatos_tabulados/cngf2021_adm_arch.xlsx,microdatos_tabulados/cngf_2021_administracion_archivos_gestion_documental_tabulados.xlsx,211bfaa39f98c591ced7c8678c43465d,renamed
microdatos_tabulados/cngf2021_ctrl_int.xlsx,microdatos_tabulados/cngf_2021_control_interno_anticorrupcion_tabulados.xlsx,9f9a0fd741dae50044a741d0a5fa53c9,renamed
microdatos_tabulados/cngf2021_est_org_rec.xlsx,microdatos_tabulados/cngf_2021_estructura_organizacional_recursos_tabulados.xlsx,207787eeb350442a573a9f43cf305578,renamed
microdatos_tabulados/cngf2021_tramites.xlsx,microdatos_tabulados/cngf_2021_tramites_servicios_tabulados.xlsx,8eb1ee4c4d316fd89d4d96ce6744a1a5,renamed
microdatos_tabulados/cngf2022_ctrl_int.xlsx,microdatos_tabulados/cngf_2022_control_interno_anticorrupcion_tabulados.xlsx,000e32eb162d7bb429cbbd17d8dd7624,renamed
microdatos_tabulados/cngf2022_est_org_rec.xlsx,microdatos_tabulados/cngf_2022_estructura_organizacional_recursos_tabulados.xlsx,7a983333b2659ab390b5b3f9ce728d70,renamed
microdatos_tabulados/cngf2022_tramites.xlsx,microdatos_tabulados/cngf_2022_tramites_servicios_tabulados.xlsx,cde029883dbc0ef4c43a4e0cd10843f1,renamed
microdatos_tabulados/cngf2023_adm_arch.xlsx,microdatos_tabulados/cngf_2023_administracion_archivos_gestion_documental_tabulados.xlsx,16c6eae802d2cb1bc1f71587c07ffddd,renamed
microdatos_tabulados/cngf2023_contratos.xlsx,microdatos_tabulados/cngf_2023_contrataciones_publicas_tabulados.xlsx,919c7ced60826777bdcfdb18155ba6c5,renamed
microdatos_tabulados/cngf2023_ctrl_int.xlsx,microdatos_tabulados/cngf_2023_control_interno_anticorrupcion_tabulados.xlsx,3be786459ffb2b0cd44a1c32b6d303c4,renamed
microdatos_tabulados/cngf2023_est_org_rec.xlsx,microdatos_tabulados/cngf_2023_estructura_organizacional_recursos_tabulados.xlsx,47fe2bff9fca2e817c2cfab18dc2b8dd,renamed
microdatos_tabulados/cngf2023_prog_social.xlsx,microdatos_tabulados/cngf_2023_programas_sociales_tabulados.xlsx,0e21e86083e3c43a4a7bbd30259b4dd1,renamed
microdatos_tabulados/cngf2024_contratos.xlsx,microdatos_tabulados/cngf_2024_contrataciones_publicas_tabulados.xlsx,47e6d9601102d018f957caf5093af3a4,renamed
microdatos_tabulados/cngf2024_ctrl_int.xlsx,microdatos_tabulados/cngf_2024_control_interno_anticorrupcion_tabulados.xlsx,2ad0222c85a4b1192d8873daa08ad5db,renamed
microdatos_tabulados/cngf2024_est_org_rec.xlsx,microdatos_tabulados/cngf_2024_estructura_organizacional_recursos_tabulados.xlsx,7aaf6d9b682bd8811c817cd451645cf2,renamed
microdatos_tabulados/cngf2024_prog_social.xlsx,microdatos_tabulados/cngf_2024_programas_sociales_tabulados.xlsx,78185b43acca21d19d42907ba83bbc2e,renamed
microdatos_tabulados/cngf2025_contratos.xlsx,microdatos_tabulados/cngf_2025_contrataciones_publicas_tabulados.xlsx,9ae054b17c65355ef870fb44aa970d4a,renamed
microdatos_tabulados/cngf2025_ctrl_int.xlsx,microdatos_tabulados/cngf_2025_control_interno_anticorrupcion_tabulados.xlsx,80cb4c42ce8fb5483f386c35033aeca4,renamed
microdatos_tabulados/cngf2025_est_org_rec.xlsx,microdatos_tabulados/cngf_2025_estructura_organizacional_recursos_tabulados.xlsx,cc4ff9a93b37630f40f0331074aae7fe,renamed
microdatos_tabulados/cngmd2021_adm_arc.xlsx,microdatos_tabulados/cngmd_2021_administracion_archivos_gestion_documental_tabulados.xlsx,6b371d3b8aaa859dd97602088fc0fe0d,renamed
microdatos_tabulados/cngmd2021_agua_saneam.xlsx,microdatos_tabulados/cngmd_2021_agua_potable_saneamiento_tabulados.xlsx,bbe7cf60e887789e3712265908adcf60,renamed
microdatos_tabulados/cngmd2021_ayunt_alcald.xlsx,microdatos_tabulados/cngmd_2021_ayuntamientos_alcaldias_tabulados.xlsx,fc4f8013db338afb0be66cec9c3fc428,renamed
microdatos_tabulados/cngmd2021_catastro.xlsx,microdatos_tabulados/cngmd_2021_catastro_tabulados.xlsx,75fe871c36b4c1b12e2b28e2ce966e57,renamed
microdatos_tabulados/cngmd2021_contratos.xlsx,microdatos_tabulados/cngmd_2021_contrataciones_publicas_tabulados.xlsx,0787d4a840e6fc1e70798a826277b495,renamed
microdatos_tabulados/cngmd2021_ctrl_int.xlsx,microdatos_tabulados/cngmd_2021_control_interno_anticorrupcion_tabulados.xlsx,75326e2bb9ecb86ccd4b807fe6708461,renamed
microdatos_tabulados/cngmd2021_est_org_rec.xlsx,microdatos_tabulados/cngmd_2021_estructura_organizacional_recursos_tabulados.xlsx,30fa56d61538e96fb6f5704e965616e3,renamed
microdatos_tabulados/cngmd2021_gest_terr.xlsx,microdatos_tabulados/cngmd_2021_planeacion_gestion_territorial_tabulados.xlsx,639909bb0140fe20afbaa42754665e53,renamed
microdatos_tabulados/cngmd2021_just_civica.xlsx,microdatos_tabulados/cngmd_2021_justicia_civica_tabulados.xlsx,8e3fe3a65d5c6070ebbf51f4a2231f37,renamed
microdatos_tabulados/cngmd2021_prot_civil.xlsx,microdatos_tabulados/cngmd_2021_proteccion_civil_tabulados.xlsx,bc408fe6188e1048c3ec199841481664,renamed
microdatos_tabulados/cngmd2021_resid_solid.xlsx,microdatos_tabulados/cngmd_2021_residuos_solidos_urbanos_tabulados.xlsx,bc494cb0daf652eb29cf18cc10dda0d0,renamed
microdatos_tabulados/cngmd2021_seg_publica.xlsx,microdatos_tabulados/cngmd_2021_seguridad_publica_tabulados.xlsx,8177d96f000347e388c381e9ba126ab1,renamed
microdatos_tabulados/cngmd2021_serv_publ.xlsx,microdatos_tabulados/cngmd_2021_servicios_publicos_tabulados.xlsx,f6fbef223458f471930c3fb508065039,renamed
microdatos_tabulados/cngmd2021_tramites.xlsx,microdatos_tabulados/cngmd_2021_tramites_servicios_tabulados.xlsx,b64ab72c70de88d8fd87696985e70218,renamed
microdatos_tabulados/cngmd2023_adm_archivos.xlsx,microdatos_tabulados/cngmd_2023_administracion_archivos_gestion_documental_tabulados.xlsx,23e1f139bd9330aef45f10f5bee9b93a,renamed
microdatos_tabulados/cngmd2023_agua_saneam.xlsx,microdatos_tabulados/cngmd_2023_agua_potable_saneamiento_tabulados.xlsx,63ebe25706255fdd1ce65a093180eb48,renamed
microdatos_tabulados/cngmd2023_ayunt_alcald.xlsx,microdatos_tabulados/cngmd_2023_ayuntamientos_alcaldias_tabulados.xlsx,b6c635e5131e4aa59330c57ce0b0b710,renamed
microdatos_tabulados/cngmd2023_catastro.xlsx,microdatos_tabulados/cngmd_2023_catastro_tabulados.xlsx,795dfd0855a4763f731c11fe6d5d35f0,renamed
microdatos_tabulados/cngmd2023_contratos.xlsx,microdatos_tabulados/cngmd_2023_contrataciones_publicas_tabulados.xlsx,4f00d4bc86329c46888afc47e82a02fc,renamed
microdatos_tabulados/cngmd2023_ctrl_int.xlsx,microdatos_tabulados/cngmd_2023_control_interno_anticorrupcion_tabulados.xlsx,541ea979af4b8b4e11e9052534c53856,renamed
microdatos_tabulados/cngmd2023_est_org_rec.xlsx,microdatos_tabulados/cngmd_2023_estructura_organizacional_recursos_tabulados.xlsx,807c394109208084dd947cf2f09321ad,renamed
microdatos_tabulados/cngmd2023_gest_terr.xlsx,microdatos_tabulados/cngmd_2023_planeacion_gestion_territorial_tabulados.xlsx,0ecf1ec7941a7b9c5274496364eb2f80,renamed
microdatos_tabulados/cngmd2023_panteones.xlsx,microdatos_tabulados/cngmd_2023_panteones_tabulados.xlsx,581225d567ead3fba0b2d4ba83bdf2bd,renamed
microdatos_tabulados/cngmd2023_prog_social.xlsx,microdatos_tabulados/cngmd_2023_programas_sociales_tabulados.xlsx,e97fe9c05b6e70f37c7a7f772e594b0e,renamed
microdatos_tabulados/cngmd2023_prot_civil.xlsx,microdatos_tabulados/cngmd_2023_proteccion_civil_tabulados.xlsx,d081338fce179e707770cffc08326586,renamed
microdatos_tabulados/cngmd2023_resid_solid.xlsx,microdatos_tabulados/cngmd_2023_residuos_solidos_urbanos_tabulados.xlsx,348f6e71c88bd3a85904c4c391cc5924,renamed
microdatos_tabulados/cngmd2023_seg_publica.xlsx,microdatos_tabulados/cngmd_2023_seguridad_publica_tabulados.xlsx,98a5018d7d37407a4eaad437c1760043,renamed
microdatos_tabulados/cngmd2023_serv_publicos.xlsx,microdatos_tabulados/cngmd_2023_servicios_publicos_tabulados.xlsx,4d52d46b26b66597e862ed85fe98d8c0,renamed
microdatos_tabulados/cngmd2023_tramites.xlsx,microdatos_tabulados/cngmd_2023_tramites_servicios_tabulados.xlsx,c040dd8044ed47e4de1595b293477ad1,renamed
microdatos_tabulados/cngmd2023_transparencia.xlsx,microdatos_tabulados/cngmd_2023_transparencia_tabulados.xlsx,1f34aa7000f9306c233456b088997f48,renamed
microdatos_tabulados/cngmd2025_agua_saneam.xlsx,microdatos_tabulados/cngmd_2025_agua_potable_saneamiento_tabulados.xlsx,9ea1230249a5d05bc070bde230acc11b,renamed
microdatos_tabulados/cngmd2025_ayunt_alcald.xlsx,microdatos_tabulados/cngmd_2025_ayuntamientos_alcaldias_tabulados.xlsx,bed9085f034084ef87948d3f6f7bc6e8,renamed
microdatos_tabulados/cngmd2025_catastro.xlsx,microdatos_tabulados/cngmd_2025_catastro_tabulados.xlsx,b22637657b0ec126cd6cd64db26a4a53,renamed
microdatos_tabulados/cngmd2025_contratos.xlsx,microdatos_tabulados/cngmd_2025_contrataciones_publicas_tabulados.xlsx,e119adcf1984059be41dbbdcb84cee32,renamed
microdatos_tabulados/cngmd2025_ctrl_int.xlsx,microdatos_tabulados/cngmd_2025_control_interno_anticorrupcion_tabulados.xlsx,bda839892eb29545bcd729b15fce86b1,renamed
microdatos_tabulados/cngmd2025_est_org_rec.xlsx,microdatos_tabulados/cngmd_2025_estructura_organizacional_recursos_tabulados.xlsx,f24d99fdd280c81128be2c8fb183c768,renamed
microdatos_tabulados/cngmd2025_gest_terr.xlsx,microdatos_tabulados/cngmd_2025_planeacion_gestion_territorial_tabulados.xlsx,5953750875e87b798bd5f47237a04a41,renamed
microdatos_tabulados/cngmd2025_just_civica.xlsx,microdatos_tabulados/cngmd_2025_justicia_civica_tabulados.xlsx,e39b3d3a5c55960acd9c783685a11146,renamed
microdatos_tabulados/cngmd2025_resid_solid.xlsx,microdatos_tabulados/cngmd_2025_residuos_solidos_urbanos_tabulados.xlsx,f505d37d6e99423c79149fa60a7d479d,renamed
microdatos_tabulados/cngmd2025_seg_publica.xlsx,microdatos_tabulados/cngmd_2025_seguridad_publica_tabulados.xlsx,7835aac6349ef1131eec356213101b4e,renamed
microdatos_tabulados/cngmd2025_serv_publicos.xlsx,microdatos_tabulados/cngmd_2025_servicios_publicos_tabulados.xlsx,ebfe3f99d2fed79c23e61f06e953c021,renamed
microdatos_tabulados/cngmd2025_tramites.xlsx,microdatos_tabulados/cngmd_2025_tramites_servicios_tabulados.xlsx,c509327528f9d2f6f6a7db3f57953ee5,renamed
microdatos_tabulados/cngmd2025_transparencia.xlsx,microdatos_tabulados/cngmd_2025_transparencia_tabulados.xlsx,86ac09eca29cfe09977895cf95ab5138,renamed
microdatos_tabulados/difus_gest_agua_cngmd2019_dbf.zip,microdatos_tabulados/cngmd_2019_difusion_informacion_gestion_agua_participacion_microdatos.dbf.zip,c79663406d52febaa172fffe1179c309,renamed
microdatos_tabulados/disp_final_rsu_cngmd2019_dbf.zip,microdatos_tabulados/cngmd_2019_disposicion_final_residuos_solidos_urbanos_microdatos.dbf.zip,683b1d7f0b3208fca960c57ab81f50b4,renamed
microdatos_tabulados/drenaje_alcant_cngmd2019_dbf.zip,microdatos_tabulados/cngmd_2019_drenaje_alcantarillado_microdatos.dbf.zip,ce3ffb40c768e5c6be0d2bc9f7941cf4,renamed
microdatos_tabulados/est_gen_comp_rsu_cngmd2019_dbf.zip,microdatos_tabulados/cngmd_2019_estudios_generacion_composicion_residuos_solidos_microdatos.dbf.zip,d5e1d3a8e26ed502e928213f0e4c0c83,renamed
microdatos_tabulados/estructura_organizacional_cngmd2013_dbf.zip,microdatos_tabulados/cngmd_2013_estructura_organizacional_microdatos.dbf.zip,841260e564fe45ab93105f4cdf2e4c61,renamed
microdatos_tabulados/func_esp_cngmd2013_dbf.zip,microdatos_tabulados/cngmd_2013_funciones_especificas_catastro_microdatos.dbf.zip,721d447e0b1da69e585739c334b105b3,renamed
microdatos_tabulados/jm_ejercicio_cngmd2011_dbf.zip,microdatos_tabulados/cngmd_2011_justicia_municipal_ejercicio_funcion_microdatos.dbf.zip,ef92f6fedeb21e216ac9adf66fa1a646,renamed
microdatos_tabulados/jm_infraestructura_cngmd2011_dbf.zip,microdatos_tabulados/cngmd_2011_justicia_municipal_infraestructura_microdatos.dbf.zip,8dfe6b53e05a11b881307f3c99e27eea,renamed
microdatos_tabulados/jm_recursos_cngmd2011_dbf.zip,microdatos_tabulados/cngmd_2011_justicia_municipal_recursos_microdatos.dbf.zip,ad5cd2b7114c99db8e56207640c575f9,renamed
microdatos_tabulados/m5_i_Identificacion_servicio_agua_cngmd2013_dbf.zip,microdatos_tabulados/cngmd_2013_agua_identificacion_servicio_prestador_microdatos.dbf.zip,5d43f7fd39b56d7012efdff3d735ba96,renamed
microdatos_tabulados/m5_ii_Captacion_agua_otros_recursos_cngmd2013_dbf.zip,microdatos_tabulados/cngmd_2013_agua_captacion_abastecimiento_publico_microdatos.dbf.zip,9ed26b9c687dcdb3e3a7d57b8889239b,renamed
microdatos_tabulados/m5_iv_Administracion_Servicio_Agua_Red_publica_cngmd2013_dbf.zip,microdatos_tabulados/cngmd_2013_agua_administracion_servicio_red_publica_microdatos.dbf.zip,f7007529d75b77531bf31b36e4e147dd,renamed
microdatos_tabulados/m5_ix_Dif_Inform_Part_Ciudadana_cngmd2013_dbf.zip,microdatos_tabulados/cngmd_2013_agua_difusion_participacion_ciudadana_microdatos.dbf.zip,b7e8fc72d94f2b4bb57ceda3e9af425a,renamed
microdatos_tabulados/m5_v_Identificacion_servicio_Alcantarillado_Vertido_cngmd2013_dbf.zip,microdatos_tabulados/cngmd_2013_agua_alcantarillado_vertido_microdatos.dbf.zip,139c3fde9c1982faa417960bd66c41a8,renamed
microdatos_tabulados/m5_vi_Identificacion_servicio_tratamiento_cngmd2013_dbf.zip,microdatos_tabulados/cngmd_2013_agua_identificacion_servicio_tratamiento_microdatos.dbf.zip,4389eee02418c43afd7d052fd4857136,renamed
microdatos_tabulados/m5_vii_Aguas_residuales_cngmd2013_dbf.zip,microdatos_tabulados/cngmd_2013_aguas_residuales_microdatos.dbf.zip,87a3f127cdec72d3a6bc4fc7f2cd990d,renamed
microdatos_tabulados/m5_viii_Prog_Loc_Gestion_cngmd2013_dbf.zip,microdatos_tabulados/cngmd_2013_agua_programas_gestion_sustentable_microdatos.dbf.zip,28f4d534bfb34ac00195855be008285c,renamed
microdatos_tabulados/m6_i_rec_rsu_cngmd2013_dbf.zip,microdatos_tabulados/cngmd_2013_rsu_recoleccion_microdatos.dbf.zip,ee6bf80759b6b09a02d310a9174c80a0,renamed
microdatos_tabulados/m6_ii_trat_rsu_cngmd2013_dbf.zip,microdatos_tabulados/cngmd_2013_rsu_tratamiento_microdatos.dbf.zip,6a3f47c7a042a78ea4125ea6502e03f7,renamed
microdatos_tabulados/m6_iii_disp_rsu_cngmd2013_dbf.zip,microdatos_tabulados/cngmd_2013_rsu_disposicion_final_microdatos.dbf.zip,ec4a2da2df58c85c2068851ec7464cf1,renamed
microdatos_tabulados/m6_iv_est_rsu_cngmd2013_dbf.zip,microdatos_tabulados/cngmd_2013_rsu_estudios_generacion_composicion_microdatos.dbf.zip,ab6207ec98f3ee20d3fa117383a3da6c,renamed
microdatos_tabulados/m6_v_prg_rsu_cngmd2013_dbf.zip,microdatos_tabulados/cngmd_2013_rsu_programas_gestion_integral_microdatos.dbf.zip,0750ad9983c76b44b12f7f59cdd99f61,renamed
microdatos_tabulados/marco_regulatorio_cngmd2013_dbf.zip,microdatos_tabulados/cngmd_2013_marco_regulatorio_microdatos.dbf.zip,d915e1a4c4ed67daaa98c64cf2d08e4e,renamed
microdatos_tabulados/part_ciud_rsu_cngmd2019_dbf.zip,microdatos_tabulados/cngmd_2019_participacion_ciudadana_residuos_solidos_microdatos.dbf.zip,e09deca33be09e7bc75b628114cbee1a,renamed
microdatos_tabulados/participacion_ciudadana_cngmd2013_dbf.zip,microdatos_tabulados/cngmd_2013_participacion_ciudadana_microdatos.dbf.zip,31db82b80c974e19a90e02fb3cd84654,renamed
microdatos_tabulados/plantas_pot_cngmd2019_dbf.zip,microdatos_tabulados/cngmd_2019_plantas_potabilizacion_microdatos.dbf.zip,bc2b6acd2d9a3a0aa268a7478c169a1f,renamed
microdatos_tabulados/prog_gest_agua_cngmd2019_dbf.zip,microdatos_tabulados/cngmd_2019_programas_gestion_sustentable_agua_potable_microdatos.dbf.zip,9cd52a832667b8f867166416cbd64258,renamed
microdatos_tabulados/prog_gest_int_rsu_cngmd2019_dbf.zip,microdatos_tabulados/cngmd_2019_programas_gestion_integral_residuos_solidos_microdatos.dbf.zip,11622fa116b66c39b5dae83b2a7d6108,renamed
microdatos_tabulados/rec_rsu_cngmd2019_dbf.zip,microdatos_tabulados/cngmd_2019_recoleccion_residuos_solidos_urbanos_microdatos.dbf.zip,0276a5d60eb5c6e82a0af97d16f1e817,renamed
microdatos_tabulados/recursos_cngmd2013_dbf.zip,microdatos_tabulados/cngmd_2013_recursos_microdatos.dbf.zip,c0f2db5746a0f6b118b99102d818679c,renamed
microdatos_tabulados/serv_agua_cngmd2019_dbf.zip,microdatos_tabulados/cngmd_2019_servicio_agua_red_publica_microdatos.dbf.zip,b7c5cfeb1036595bf96349174b8fbc44,renamed
microdatos_tabulados/sp_Recursos_cngmd2015_dbf.zip,microdatos_tabulados/cngmd_2015_seguridad_publica_recursos_microdatos.dbf.zip,e3c34efbd6ff53f7cfeeab6ca9742287,renamed
microdatos_tabulados/sp_Seguridad_publica_cngmd2015_dbf.zip,microdatos_tabulados/cngmd_2015_seguridad_publica_microdatos.dbf.zip,19ec88f037da1c0aa7e4a953c818ef27,renamed
microdatos_tabulados/sp_ejercicio_cngmd2011_dbf.zip,microdatos_tabulados/cngmd_2011_seguridad_publica_ejercicio_funcion_microdatos.dbf.zip,ef78d4d369a32873161cff66921ba75a,renamed
microdatos_tabulados/sp_infraestructura_cngmd2011_dbf.zip,microdatos_tabulados/cngmd_2011_seguridad_publica_infraestructura_microdatos.dbf.zip,80aa10d94595224282600a31016c200f,renamed
microdatos_tabulados/sp_recursos_cngmd2011_dbf.zip,microdatos_tabulados/cngmd_2011_seguridad_publica_recursos_microdatos.dbf.zip,4f2489f0a7dcfa4ce4a9f9f674cde4d0,renamed
microdatos_tabulados/transp_cont_int_anticor_cngmd2013_dbf.zip,microdatos_tabulados/cngmd_2013_transparencia_control_interno_anticorrupcion_microdatos.dbf.zip,8c668c834a3781c441bd2dfc9e9da3f8,renamed
microdatos_tabulados/trat_aguas_resid_cngmd2019_dbf.zip,microdatos_tabulados/cngmd_2019_tratamiento_aguas_residuales_microdatos.dbf.zip,dc454a39fd97d5d8b6a5b6badfa4d9b2,renamed
microdatos_tabulados/trat_rsu_cngmd2019_dbf.zip,microdatos_tabulados/cngmd_2019_tratamiento_residuos_solidos_urbanos_microdatos.dbf.zip,1bea57ed3fa16bbccaf91ba0c38f8c4d,renamed
microdatos_tabulados/tys_gob_elec_cngmd2013_dbf.zip,microdatos_tabulados/cngmd_2013_tramites_servicios_gobierno_electronico_microdatos.dbf.zip,53f111d218fd4eb4c84bc0c5f05e7135,renamed
Censo Nacional de Gobierno Federal 2020. Marco conceptual.pdf,microdatos_tabulados/cngf_2020_marco_conceptual.pdf,27056957a79734a0116e8160ed21a591,renamed
Censo Nacional de Gobierno Federal 2021. Marco conceptual.xlsx,microdatos_tabulados/cngf_2021_marco_conceptual.xlsx,d678bf4405bd576ad7c7c028cb0ceeea,renamed
Censo Nacional de Gobierno Federal 2022. Marco conceptual.xlsx,microdatos_tabulados/cngf_2022_marco_conceptual.xlsx,ba77a16c2666a7e51bc1aa01dd41090d,renamed
Censo Nacional de Gobierno Federal 2023. Marco conceptual.xlsx,microdatos_tabulados/cngf_2023_marco_conceptual.xlsx,c24b9740d5d012abb81a58198b84cad1,renamed
Censo Nacional de Gobierno Federal 2024. Marco conceptual.xlsx,microdatos_tabulados/cngf_2024_marco_conceptual.xlsx,7492e905dfaecf4b6f7b474d74aee21a,renamed
Censo Nacional de Gobierno Federal 2025. Marco conceptual.xlsx,microdatos_tabulados/cngf_2025_marco_conceptual.xlsx,4af17e8f43c8424598f383fdcd61ddf7,renamed
